{
  "ageDistribution": {
    "0-9": 0.0804890326588123,
    "10-19": 0.08908512232960092,
    "20-29": 0.0960441563904923,
    "30-39": 0.11429332292907848,
    "40-49": 0.14605941575167888,
    "50-59": 0.13078730911042807,
    "60-69": 0.12551929326991526,
    "70-79": 0.1279714412628924,
    "80+": 0.0897509062971014
  },
  "importsPerDay": [
    0.011111111111111112,
    0.011111111111111112,
    0.011111111111111112,
    0.011111111111111112,
    0.011111111111111112,
    0.011111111111111112,
    0.011111111111111112,
    0.011111111111111112,
    0.011111111111111112
  ],
  "timeDelta": 0,
  "timeDeltaDays": 0,
  "frac": {
    "severe": [
      0.0005,
      0.0015,
      0.003,
      0.0045,
      0.012,
      0.025,
      0.075,
      0.13999999999999999,
      0.25
    ],
    "critical": [
      0.000025,
      0.00015000000000000001,
      0.00030000000000000003,
      0.0006749999999999999,
      0.0024000000000000002,
      0.00625,
      0.02625,
      0.063,
      0.1375
    ],
    "fatal": [
      0.0000075,
      0.000045,
      0.00009,
      0.00020249999999999996,
      0.00072,
      0.0025000000000000005,
      0.0105,
      0.0315,
      0.06875
    ],
    "isolated": [
      0,
      0,
      0,
      0,
      0,
      0,
      0,
      0,
      0
    ]
  },
  "rate": {
    "latency": 0.5,
    "recovery": [
      0.16658333333333333,
      0.16641666666666668,
      0.16616666666666666,
      0.16591666666666668,
      0.16466666666666666,
      0.1625,
      0.15416666666666667,
      0.14333333333333334,
      0.125
    ],
    "severe": [
      0.00008333333333333333,
      0.00025,
      0.0005,
      0.0007499999999999999,
      0.002,
      0.004166666666666667,
      0.012499999999999999,
      0.02333333333333333,
      0.041666666666666664
    ],
    "discharge": [
      0.31666666666666665,
      0.3,
      0.3,
      0.2833333333333333,
      0.26666666666666666,
      0.25,
      0.21666666666666667,
      0.18333333333333335,
      0.15
    ],
    "critical": [
      0.016666666666666666,
      0.03333333333333333,
      0.03333333333333333,
      0.049999999999999996,
      0.06666666666666667,
      0.08333333333333333,
      0.11666666666666665,
      0.15,
      0.18333333333333335
    ],
    "stabilize": [
      0.049999999999999996,
      0.049999999999999996,
      0.049999999999999996,
      0.049999999999999996,
      0.049999999999999996,
      0.04285714285714286,
      0.04285714285714286,
      0.03571428571428571,
      0.03571428571428571
    ],
    "fatality": [
      0.02142857142857143,
      0.02142857142857143,
      0.02142857142857143,
      0.02142857142857143,
      0.02142857142857143,
      0.028571428571428574,
      0.028571428571428574,
      0.03571428571428571,
      0.03571428571428571
    ],
    "overflowFatality": [
      0.04285714285714286,
      0.04285714285714286,
      0.04285714285714286,
      0.04285714285714286,
      0.04285714285714286,
      0.05714285714285715,
      0.05714285714285715,
      0.07142857142857142,
      0.07142857142857142
    ]
  },
  "populationServed": 1468301,
  "numberStochasticRuns": 0,
  "hospitalBeds": 8900,
  "ICUBeds": 100
}